{
  "$schema": "./node_modules/@angular/cli/lib/config/schema.json",
  "version": 1,
  "newProjectRoot": "projects",
  "projects": {
    "demo": {
      "root": "",
      "sourceRoot": "src",
      "projectType": "application",
      "prefix": "app",
      "schematics": {},
      "architect": {
        "build": {
          "builder": "@angular-devkit/build-angular:application",
          "options": {
            "outputPath": {
              "base": "dist/demo"
            },
            "index": "src/index.html",
            "polyfills": [
              "src/polyfills.ts"
            ],
            "tsConfig": "src/tsconfig.app.json",
            "assets": [
              "src/favicon.ico",
              "src/assets"
            ],
            "styles": [
              "src/styles.css",
              "node_modules/bootstrap/dist/css/bootstrap.css"
            ],
            "scripts": [
              "./node_modules/jquery/dist/jquery.min.js",
              "node_modules/bootstrap/dist/js/bootstrap.min.js"
            ],
            "browser": "src/main.ts"
          },
          "configurations": {
            "production": {
              "fileReplacements": [
                {
                  "replace": "src/environments/environment.ts",
                  "with": "src/environments/environment.prod.ts"
                }
              ],
              "optimization": true,
              "outputHashing": "all",
              "sourceMap": false,
              "extractCss": true,
              "namedChunks": false,
              "aot": true,
              "extractLicenses": true
            }
          }
        },
        "serve": {
          "builder": "@angular-devkit/build-angular:dev-server",
          "options": {
            "browserTarget": "demo:build"
          },
          "configurations": {
            "production": {
              "browserTarget": "demo:build:production"
            }
          }
        },
        "extract-i18n": {
          "builder": "@angular-devkit/build-angular:extract-i18n",
          "options": {
            "browserTarget": "demo:build"
          }
        },
        "test": {
          "builder": "@angular-devkit/build-angular:karma",
          "options": {
            "main": "src/test.ts",
            "polyfills": "src/polyfills.ts",
            "tsConfig": "src/tsconfig.spec.json",
            "karmaConfig": "src/karma.conf.js",
            "styles": [
              "styles.css"
            ],
            "scripts": [],
            "assets": [
              "src/favicon.ico",
              "src/assets"
            ]
          }
        },
        "lint": {
          "builder": "@angular-devkit/build-angular:tslint",
          "options": {
            "tsConfig": [
              "src/tsconfig.app.json",
              "src/tsconfig.spec.json"
            ],
            "exclude": [
              "**/node_modules/**"
            ]
          }
        }
      }
    }
  },
  "defaultProject": "demo",
  "schematics": {
    "@schematics/angular:component": {
      "type": "component"
    },
    "@schematics/angular:directive": {
      "type": "directive"
    },
    "@schematics/angular:service": {
      "type": "service"
    },
    "@schematics/angular:guard": {
      "typeSeparator": "."
    },
    "@schematics/angular:interceptor": {
      "typeSeparator": "."
    },
    "@schematics/angular:module": {
      "typeSeparator": "."
    },
    "@schematics/angular:pipe": {
      "typeSeparator": "."
    },
    "@schematics/angular:resolver": {
      "typeSeparator": "."
    }
  },
  "cli": {
    "analytics": false
  }
}