{
  "hash": "14d5bcf4",
  "configHash": "fac04ace",
  "lockfileHash": "43442bd6",
  "browserHash": "46a33103",
  "optimized": {
    "@angular/core": {
      "src": "../../../../../../node_modules/@angular/core/fesm2022/core.mjs",
      "file": "@angular_core.js",
      "fileHash": "b0f26c5b",
      "needsInterop": false
    },
    "@angular/platform-browser": {
      "src": "../../../../../../node_modules/@angular/platform-browser/fesm2022/platform-browser.mjs",
      "file": "@angular_platform-browser.js",
      "fileHash": "9bc16aab",
      "needsInterop": false
    },
    "@angular/router": {
      "src": "../../../../../../node_modules/@angular/router/fesm2022/router.mjs",
      "file": "@angular_router.js",
      "fileHash": "f9d90405",
      "needsInterop": false
    },
    "rxjs": {
      "src": "../../../../../../node_modules/rxjs/dist/esm5/index.js",
      "file": "rxjs.js",
      "fileHash": "01ae1ea1",
      "needsInterop": false
    },
    "@angular/common/http": {
      "src": "../../../../../../node_modules/@angular/common/fesm2022/http.mjs",
      "file": "@angular_common_http.js",
      "fileHash": "8d6a5b8e",
      "needsInterop": false
    },
    "@angular/forms": {
      "src": "../../../../../../node_modules/@angular/forms/fesm2022/forms.mjs",
      "file": "@angular_forms.js",
      "fileHash": "6c6648e1",
      "needsInterop": false
    },
    "@angular/common": {
      "src": "../../../../../../node_modules/@angular/common/fesm2022/common.mjs",
      "file": "@angular_common.js",
      "fileHash": "94c3940c",
      "needsInterop": false
    }
  },
  "chunks": {
    "chunk-EIOETXHY": {
      "file": "chunk-EIOETXHY.js"
    },
    "chunk-BPWAM3ZK": {
      "file": "chunk-BPWAM3ZK.js"
    },
    "chunk-VJE4L4UK": {
      "file": "chunk-VJE4L4UK.js"
    },
    "chunk-5SLB7SFU": {
      "file": "chunk-5SLB7SFU.js"
    },
    "chunk-S35MAB2V": {
      "file": "chunk-S35MAB2V.js"
    }
  }
}